,username,moneyOwed,moneyPaid,child.firstName,email,numEarnedSessions,earnedBonus,Claim code used,2,ckollros,5,0,,kollros@gmail.com,1,FALSE,9WJL-C4CSBM-GDTC,x3,CKollros,5,0,Sylvia,kollros@gmail.com,1,FALSE,UGAK-BFYEGV-ZXSS,x4,debbily77,5,0,Daphne,debbily77@gmail.com,1,FALSE,EGF4-D45JD2-X3UJ,x11,kemallouk,5,0,Aurora ,Kaitlin.e.mallouk@gmail.com,1,FALSE,GKNH-2HLSTL-KTWZ,x15,Lcohen,5,0,Torsten,Lanavpetersson@gmail.com,1,FALSE,J733-H2Y5VD-KX5T,x16,leecab,5,0,HH,lcabatingan@yahoo.com,1,FALSE,SN9H-NZXWNW-QH53,x30,Tamara,5,0,Ruben,tamara_vincent@yahoo.com,1,FALSE,6EPY-ZWGMEJ-K8FR,x32,trasooly,5,0,Adam,trasooly@gmail.com,1,FALSE,UECB-TVB3JP-C3KX,x34,yarrowd,5,0,Aeliz,yarrowd@gmail.com,1,FALSE,MHMD-TV6NSY-C6UV,x13,lanacook,10,0,John ,lanacook@mit.edu,2,FALSE,FZMN-NUF49Z-VWJQ,x14,laurieknaack,15,0,A,laurieknaack@gmail.com,3,FALSE,,18,lisapao,15,0,Owen,lisa.pao@gmail.com,3,FALSE,,23,Mongoosee3,15,0,Joseph,Kristen.m.flanagan@gmail.com,3,FALSE,,25,reneynay,15,0,Blake,renee.shafran@gmail.com,3,FALSE,,33,twocreativenerds,15,0,Evelyn,twocreativenerds@gmail.com,3,FALSE,,28,sophialeyla,20,0,Sophia Leyla,sophialeylalira@gmail.com,4,FALSE,,29,ssrhua,20,0,Adenine,sshua@alum.mit.edu,4,FALSE,,6,emilyplowell,25,0,Benjamin,emilyplowell@gmail.com,5,FALSE,,10,jlrogers,25,0,Tegan,jlrogers@bu.edu,5,FALSE,,20,lshneidman,30,0,Paloma ,lshneidman@gmail.com,6,FALSE,,27,Sophia,35,0,Sophia,0306mxy@sina.com,7,FALSE,,31,TanyaLevari,35,0,Noah,Tanya.Levari@gmail.com,7,FALSE,,26,rwilkenfeld,40,0,Lucca,rachael.wilkenfeld@gmail.com,8,FALSE,,7,emscarroll,50,0,Nora,emscarroll@gmail.com,10,FALSE,,19,lpconnaughton,55,0,Elizabeth,lpconnaughton@gmail.com,11,FALSE,,21,MamaKim,65,0,Zenna,kimber.m.scott+mama@gmail.com,12,TRUE,,24,RAFAL,65,0,RAFAL,marielcrv@hotmail.com,12,TRUE,,1,almalm001,70,0,Veronica,almalm@gmail.com,13,TRUE,,8,gingersnap1231,70,0,Will,loman.christina@gmail.com,13,TRUE,,5,dsweisberg,80,0,Melora,deena.weisberg@psych.upenn.edu,15,TRUE,,12,kibbe,85,0,Egan,kibbe@bu.edu,16,TRUE,,9,hararid,90,0,Carmel,hararidanny@gmail.com,17,TRUE,,22,maria620,90,0,Allie,ria620@yahoo.com,17,TRUE,,17,lgentry1013,115,0,Wyatt,laurendgentry@gmail.com,22,TRUE,,